{
  "lang":"en",
  "name":"pipeline",
  "version":"0.0.0",
  "spacy_version":">=3.7.2,<3.8.0",
  "description":"",
  "author":"",
  "email":"",
  "url":"",
  "license":"",
  "spacy_git_version":"a89eae928",
  "vectors":{
    "width":0,
    "vectors":0,
    "keys":0,
    "name":null,
    "mode":"default"
  },
  "labels":{
    "tok2vec":[

    ],
    "ner":[
      "B-DES",
      "B-EMAIL",
      "B-NAME",
      "B-ORG",
      "B-PHOE",
      "B-PHONE",
      "B-WEB",
      "DES",
      "EMAIL",
      "I-DE",
      "I-DES",
      "I-EMAIL",
      "I-NAME",
      "I-OR",
      "I-ORG",
      "I-PHONE",
      "I-WEB",
      "NAME",
      "ORG",
      "PHONE"
    ]
  },
  "pipeline":[
    "tok2vec",
    "ner"
  ],
  "components":[
    "tok2vec",
    "ner"
  ],
  "disabled":[

  ],
  "performance":{
    "ents_f":0.679943101,
    "ents_p":0.7308868502,
    "ents_r":0.6356382979,
    "ents_per_type":{
      "B-NAME":{
        "p":0.8,
        "r":0.7272727273,
        "f":0.7619047619
      },
      "I-NAME":{
        "p":0.9230769231,
        "r":0.7272727273,
        "f":0.813559322
      },
      "B-DES":{
        "p":0.5652173913,
        "r":0.6842105263,
        "f":0.619047619
      },
      "I-DES":{
        "p":0.7272727273,
        "r":0.5161290323,
        "f":0.6037735849
      },
      "B-ORG":{
        "p":0.4333333333,
        "r":0.5,
        "f":0.4642857143
      },
      "I-ORG":{
        "p":0.7714285714,
        "r":0.7297297297,
        "f":0.75
      },
      "B-PHONE":{
        "p":0.7619047619,
        "r":0.6956521739,
        "f":0.7272727273
      },
      "I-PHONE":{
        "p":0.7291666667,
        "r":0.546875,
        "f":0.625
      },
      "B-EMAIL":{
        "p":0.9090909091,
        "r":0.8695652174,
        "f":0.8888888889
      },
      "B-WEB":{
        "p":0.875,
        "r":0.8235294118,
        "f":0.8484848485
      },
      "PHONE":{
        "p":0.0,
        "r":0.0,
        "f":0.0
      },
      "I-EMAIL":{
        "p":0.2857142857,
        "r":0.2,
        "f":0.2352941176
      },
      "NAME":{
        "p":0.0,
        "r":0.0,
        "f":0.0
      },
      "I-WEB":{
        "p":0.0,
        "r":0.0,
        "f":0.0
      },
      "WEB":{
        "p":0.0,
        "r":0.0,
        "f":0.0
      }
    },
    "tok2vec_loss":654.6794707328,
    "ner_loss":329.1245512191
  }
}