{
  "lang":"en",
  "name":"pipeline",
  "version":"0.0.0",
  "spacy_version":">=3.7.2,<3.8.0",
  "description":"",
  "author":"",
  "email":"",
  "url":"",
  "license":"",
  "spacy_git_version":"a89eae928",
  "vectors":{
    "width":0,
    "vectors":0,
    "keys":0,
    "name":null,
    "mode":"default"
  },
  "labels":{
    "tok2vec":[

    ],
    "ner":[
      "B-DES",
      "B-EMAIL",
      "B-NAME",
      "B-ORG",
      "B-PHOE",
      "B-PHONE",
      "B-WEB",
      "DES",
      "EMAIL",
      "I-DE",
      "I-DES",
      "I-EMAIL",
      "I-NAME",
      "I-OR",
      "I-ORG",
      "I-PHONE",
      "I-WEB",
      "NAME",
      "ORG",
      "PHONE"
    ]
  },
  "pipeline":[
    "tok2vec",
    "ner"
  ],
  "components":[
    "tok2vec",
    "ner"
  ],
  "disabled":[

  ],
  "performance":{
    "ents_f":0.7053824363,
    "ents_p":0.7545454545,
    "ents_r":0.6622340426,
    "ents_per_type":{
      "B-NAME":{
        "p":0.9375,
        "r":0.6818181818,
        "f":0.7894736842
      },
      "I-NAME":{
        "p":0.8965517241,
        "r":0.7878787879,
        "f":0.8387096774
      },
      "B-DES":{
        "p":0.65,
        "r":0.6842105263,
        "f":0.6666666667
      },
      "I-DES":{
        "p":0.8095238095,
        "r":0.5483870968,
        "f":0.6538461538
      },
      "B-ORG":{
        "p":0.4642857143,
        "r":0.5,
        "f":0.4814814815
      },
      "I-ORG":{
        "p":0.7866666667,
        "r":0.7972972973,
        "f":0.7919463087
      },
      "B-PHONE":{
        "p":0.7173913043,
        "r":0.7173913043,
        "f":0.7173913043
      },
      "I-PHONE":{
        "p":0.7450980392,
        "r":0.59375,
        "f":0.6608695652
      },
      "B-EMAIL":{
        "p":0.8333333333,
        "r":0.8695652174,
        "f":0.8510638298
      },
      "B-WEB":{
        "p":0.875,
        "r":0.8235294118,
        "f":0.8484848485
      },
      "PHONE":{
        "p":0.0,
        "r":0.0,
        "f":0.0
      },
      "NAME":{
        "p":0.0,
        "r":0.0,
        "f":0.0
      },
      "I-EMAIL":{
        "p":0.25,
        "r":0.1,
        "f":0.1428571429
      },
      "I-WEB":{
        "p":0.0,
        "r":0.0,
        "f":0.0
      },
      "WEB":{
        "p":0.0,
        "r":0.0,
        "f":0.0
      }
    },
    "tok2vec_loss":644.2977050494,
    "ner_loss":406.3979743006
  }
}